Centroide_haut_tronc,Centroide_tronc_diam,Centroide_age_estim,Centroide_fk_prec_estim,id,moy_haut_tot
3.7474160206718348,188.78036175710594,53.03036175710594,12.02454780361757,0.0,17.6437338501292
2.327757373400111,56.0542570951586,22.086811352253758,6.107679465776294,1.0,8.059265442404007
3.0097044552271726,124.79355977062197,39.658579620644026,9.19761799735333,2.0,13.363034847816497
