Centroide_haut_tronc,Centroide_tronc_diam,Centroide_age_estim,Centroide_fk_prec_estim,id,moy_haut_tot
2.59153045555366,82.64221122675312,28.883466985156115,7.3028493431155095,0.0,10.110731957003924
3.7474160206718348,188.78036175710594,53.03036175710594,12.02454780361757,1.0,17.6437338501292
