Centroide_haut_tronc,Centroide_tronc_diam,Centroide_age_estim,Centroide_fk_prec_estim,moy_haut_tot
2.975069506063294,121.17036379769287,39.32179828453124,9.104702750665497,12.99038745933156
2.235781577110958,47.02372644801088,18.530704815073335,5.538032100488492,7.419399860432659
3.89285714285714,199.78571428571405,56.214285714285836,12.70309810671252,18.405335628227196
