Centroide_haut_tronc,Centroide_tronc_diam,Centroide_age_estim,Centroide_fk_prec_estim,moy_haut_tot
3.353406151192889,155.3613107214714,46.31215866628337,10.52457602759413,15.385866436384571
2.3723816793893127,60.07531806615748,22.96615776081432,6.310687022900767,8.41702668360864
