{"cluster": 0, "centroid": [2.235781577110957, 47.02372644801088, 18.53070481507333, 5.538032100488492], "distance": 1853.544937306981, "algo": "Kmeans", "nb_clusters": 3}