{"cluster": 3, "centroid": [3.7474160206718343, 188.78036175710596, 53.03036175710594, 12.02454780361757], "distance": 2021.3680860191373, "algo": "Birch", "nb_clusters": 3}