{
    "X": [
        "haut_tronc",
        "haut_tot",
        "tronc_diam",
        "fk_prec_estim",
        "clc_nbr_diag",
        "fk_situation"
    ],
    "Y": "age_estim",
    "score": {
        "train": 0.7152016197064283,
        "test": 0.5985155195681512,
        "cross_val": 0.5721285603489373,
        "f1": 0.5949451309188587,
        "recall": 0.5985155195681512,
        "time": 0.0063419342041015625
    },
    "params": {
        "algorithm": "auto",
        "leaf_size": 30,
        "metric": "minkowski",
        "metric_params": null,
        "n_jobs": null,
        "n_neighbors": 5,
        "p": 2,
        "weights": "uniform"
    }
}