{
    "X": [
        "haut_tronc",
        "haut_tot",
        "tronc_diam",
        "fk_revetement",
        "feuillage",
        "age_estim"
    ],
    "Y": "fk_arb_etat",
    "score": {
        "train": 0.9743546482200102,
        "test": 0.9723346828609987,
        "cross_val": 0.9740174041738708,
        "f1": 0.9600266489007329,
        "recall": 0.9723346828609987,
        "time": 0.009035110473632812
    },
    "params": {
        "algorithm": "auto",
        "leaf_size": 30,
        "metric": "minkowski",
        "metric_params": null,
        "n_jobs": null,
        "n_neighbors": 5,
        "p": 2,
        "weights": "uniform"
    }
}